client timestamp,button,state,x,y
115,NoButton,Drag,736,526
126,NoButton,Drag,738,525
133,NoButton,Drag,753,522
141,NoButton,Drag,783,511
149,NoButton,Drag,826,505
155,NoButton,Drag,876,497
163,NoButton,Drag,934,483
171,NoButton,Drag,992,473
179,NoButton,Drag,1048,463
187,NoButton,Drag,1108,449
195,NoButton,Drag,1166,437
203,NoButton,Drag,1216,425
211,NoButton,Drag,1254,413
219,NoButton,Drag,1272,409
227,NoButton,Drag,1280,407
237,NoButton,Drag,1279,407
245,NoButton,Drag,1269,411
253,NoButton,Drag,1230,423
261,NoButton,Drag,1170,435
269,NoButton,Drag,1096,447
277,NoButton,Drag,1018,459
285,NoButton,Drag,926,473
294,NoButton,Drag,844,497
301,NoButton,Drag,772,515
309,NoButton,Drag,714,531
315,NoButton,Drag,676,551
323,NoButton,Drag,656,575
331,NoButton,Drag,654,591
339,NoButton,Drag,662,609
347,NoButton,Drag,683,622
355,NoButton,Drag,721,628
363,NoButton,Drag,767,630
371,NoButton,Drag,823,622
379,NoButton,Drag,889,612
387,NoButton,Drag,961,598
393,NoButton,Drag,1027,584
401,NoButton,Drag,1099,562
409,NoButton,Drag,1159,546
417,NoButton,Drag,1211,530
425,NoButton,Drag,1251,514
433,NoButton,Drag,1279,498
441,NoButton,Drag,1291,484
449,NoButton,Drag,1291,473
457,NoButton,Drag,1280,465
465,NoButton,Drag,1259,461
471,NoButton,Drag,1221,459
479,NoButton,Drag,1165,459
487,NoButton,Drag,1101,463
495,NoButton,Drag,1031,473
503,NoButton,Drag,961,481
513,NoButton,Drag,891,491
519,NoButton,Drag,837,513
527,NoButton,Drag,797,529
535,NoButton,Drag,769,543
543,NoButton,Drag,757,555
551,NoButton,Drag,755,559
557,NoButton,Drag,758,562
565,NoButton,Drag,766,562
573,NoButton,Drag,778,562
581,NoButton,Drag,799,566
589,NoButton,Drag,831,566
597,NoButton,Drag,867,564
605,NoButton,Drag,903,562
613,NoButton,Drag,939,558
621,NoButton,Drag,973,556
629,NoButton,Drag,1003,554
635,NoButton,Drag,1029,554
643,NoButton,Drag,1045,550
651,NoButton,Drag,1051,546
707,NoButton,Drag,1049,544
713,NoButton,Drag,1047,543
721,NoButton,Drag,1045,543
729,NoButton,Drag,1043,542
737,NoButton,Drag,1041,541
897,NoButton,Drag,1040,541
925,NoButton,Drag,1039,541
937,NoButton,Drag,1038,540
945,NoButton,Drag,1037,538
951,NoButton,Drag,1035,537
960,NoButton,Drag,1033,536
968,NoButton,Drag,1031,534
975,NoButton,Drag,1030,534
983,NoButton,Drag,1028,533
991,NoButton,Drag,1028,532
999,NoButton,Drag,1027,532
1151,NoButton,Drag,1027,531
1162,NoButton,Drag,1027,531
1186,NoButton,Drag,1027,530
1197,NoButton,Drag,1026,529
1205,NoButton,Drag,1025,529
1213,NoButton,Drag,1023,527
1221,NoButton,Drag,1021,525
1229,NoButton,Drag,1020,523
1237,NoButton,Drag,1019,522
1245,NoButton,Drag,1018,522
1253,NoButton,Drag,1017,520
1261,NoButton,Drag,1016,520
1267,NoButton,Drag,1015,519
1275,NoButton,Drag,1015,518
1283,NoButton,Drag,1014,517
1291,NoButton,Drag,1013,515
1299,NoButton,Drag,1012,514
1307,NoButton,Drag,1011,514
2244,NoButton,Drag,1010,515
2244,NoButton,Drag,1002,522
2245,NoButton,Drag,987,533
2245,NoButton,Drag,972,545
2245,NoButton,Drag,951,556
2246,NoButton,Drag,933,568
2246,NoButton,Drag,911,578
2246,NoButton,Drag,887,586
2247,NoButton,Drag,863,594
2247,NoButton,Drag,839,598
2247,NoButton,Drag,819,598
2247,NoButton,Drag,803,594
2247,NoButton,Drag,787,588
2248,NoButton,Drag,775,582
2248,NoButton,Drag,764,571
2248,NoButton,Drag,753,559
2248,NoButton,Drag,744,543
2248,NoButton,Drag,739,529
2249,NoButton,Drag,739,516
2249,NoButton,Drag,744,502
2249,NoButton,Drag,752,489
2249,NoButton,Drag,767,474
2249,NoButton,Drag,791,458
2249,NoButton,Drag,819,444
2250,NoButton,Drag,851,428
2250,NoButton,Drag,887,412
2250,NoButton,Drag,923,398
2250,NoButton,Drag,967,392
2376,NoButton,Drag,1005,388
2377,NoButton,Drag,1039,386
2377,NoButton,Drag,1069,390
2377,NoButton,Drag,1093,402
2378,NoButton,Drag,1109,416
2378,NoButton,Drag,1117,434
2378,NoButton,Drag,1119,458
2378,NoButton,Drag,1113,482
2378,NoButton,Drag,1101,514
2379,NoButton,Drag,1087,544
2379,NoButton,Drag,1067,576
2379,NoButton,Drag,1043,608
2379,NoButton,Drag,1017,632
2380,NoButton,Drag,989,650
2380,NoButton,Drag,959,664
2380,NoButton,Drag,927,670
2380,NoButton,Drag,893,674
2477,NoButton,Drag,857,676
2477,NoButton,Drag,819,676
2478,NoButton,Drag,783,674
2478,NoButton,Drag,747,670
2478,NoButton,Drag,715,662
2479,NoButton,Drag,687,652
2479,NoButton,Drag,665,644
2479,NoButton,Drag,649,636
2479,NoButton,Drag,639,630
2480,NoButton,Drag,635,622
2480,NoButton,Drag,633,617
2480,NoButton,Drag,633,612
2481,NoButton,Drag,633,608
2788,NoButton,Drag,635,606
2788,NoButton,Drag,637,603
2788,NoButton,Drag,642,599
2789,NoButton,Drag,648,595
2789,NoButton,Drag,655,592
2789,NoButton,Drag,664,590
2790,NoButton,Drag,675,587
2790,NoButton,Drag,687,584
2790,NoButton,Drag,697,581
2791,NoButton,Drag,706,579
2791,NoButton,Drag,714,577
2791,NoButton,Drag,719,577
2792,NoButton,Drag,721,577
2792,NoButton,Drag,721,576
2977,NoButton,Drag,721,576
3504,NoButton,Drag,720,576
3504,NoButton,Drag,717,575
3504,NoButton,Drag,709,569
3505,NoButton,Drag,696,559
3505,NoButton,Drag,684,547
3505,NoButton,Drag,672,534
3506,NoButton,Drag,665,521
3506,NoButton,Drag,662,508
3506,NoButton,Drag,662,499
3506,NoButton,Drag,665,488
3507,NoButton,Drag,672,477
3507,NoButton,Drag,687,459
3507,NoButton,Drag,717,438
3507,NoButton,Drag,761,414
3508,NoButton,Drag,813,386
3508,NoButton,Drag,863,364
3508,NoButton,Drag,919,346
3508,NoButton,Drag,973,332
3509,NoButton,Drag,1029,320
3509,NoButton,Drag,1079,312
3509,NoButton,Drag,1125,304
3509,NoButton,Drag,1159,294
3509,NoButton,Drag,1189,290
3509,NoButton,Drag,1209,288
3510,NoButton,Drag,1219,288
3510,NoButton,Drag,1222,291
3510,NoButton,Drag,1221,292
3510,NoButton,Drag,1219,294
3579,NoButton,Drag,1217,296
3579,NoButton,Drag,1215,298
3579,NoButton,Drag,1213,299
3579,NoButton,Drag,1211,300
5789,NoButton,Drag,1212,300
5790,NoButton,Drag,1213,299
5790,NoButton,Drag,1211,298
5791,NoButton,Drag,1199,295
5791,NoButton,Drag,1174,291
5791,NoButton,Drag,1140,291
5792,NoButton,Drag,1096,285
5793,NoButton,Drag,1046,277
5793,NoButton,Drag,990,263
5914,NoButton,Drag,934,251
5914,NoButton,Drag,878,239
5914,NoButton,Drag,820,231
5914,NoButton,Drag,764,227
5914,NoButton,Drag,708,221
5914,NoButton,Drag,664,215
5914,NoButton,Drag,628,211
5914,NoButton,Drag,602,205
5914,NoButton,Drag,582,197
5914,NoButton,Drag,568,185
5915,NoButton,Drag,556,177
5915,NoButton,Drag,550,171
5915,NoButton,Drag,546,165
5915,NoButton,Drag,542,161
5915,NoButton,Drag,540,158
5916,NoButton,Drag,540,155
5973,NoButton,Drag,539,153
5974,NoButton,Drag,538,152
5974,NoButton,Drag,537,151
5974,NoButton,Drag,537,150
5974,Left,Pressed,537,150
6084,Left,Released,537,150
6118,NoButton,Drag,533,151
6118,NoButton,Drag,506,154
6119,NoButton,Drag,462,160
6119,NoButton,Drag,406,164
6306,NoButton,Drag,352,168
6306,NoButton,Drag,288,172
6307,NoButton,Drag,224,178
6307,NoButton,Drag,160,180
6308,NoButton,Drag,98,184
6308,NoButton,Drag,42,184
6308,NoButton,Drag,0,184
6309,NoButton,Drag,0,182
6309,NoButton,Drag,0,178
6309,NoButton,Drag,0,176
6310,NoButton,Drag,0,174
6310,NoButton,Drag,0,173
6311,NoButton,Drag,3,171
6311,NoButton,Drag,11,167
6311,NoButton,Drag,29,160
6312,NoButton,Drag,63,153
6312,NoButton,Drag,109,149
6313,NoButton,Drag,165,147
6313,NoButton,Drag,223,147
6313,NoButton,Drag,277,147
6314,NoButton,Drag,325,145
6314,NoButton,Drag,373,147
6314,NoButton,Drag,413,151
6315,NoButton,Drag,441,155
6315,NoButton,Drag,459,159
6359,NoButton,Drag,465,164
6359,NoButton,Drag,465,167
6360,NoButton,Drag,464,169
6360,NoButton,Drag,458,173
6360,NoButton,Drag,445,182
6360,NoButton,Drag,420,193
6579,NoButton,Drag,386,207
6579,NoButton,Drag,348,219
6579,NoButton,Drag,302,227
6580,NoButton,Drag,256,231
6580,NoButton,Drag,206,233
6580,NoButton,Drag,156,235
6580,NoButton,Drag,108,235
6580,NoButton,Drag,68,231
6580,NoButton,Drag,34,227
6580,NoButton,Drag,14,223
6580,NoButton,Drag,0,213
6580,NoButton,Drag,0,207
6580,NoButton,Drag,1,199
6581,NoButton,Drag,9,190
6581,NoButton,Drag,20,180
6581,NoButton,Drag,40,169
6581,NoButton,Drag,70,157
6581,NoButton,Drag,106,149
6581,NoButton,Drag,144,145
6581,NoButton,Drag,182,143
6581,NoButton,Drag,218,147
6581,NoButton,Drag,248,153
6581,NoButton,Drag,270,165
6581,NoButton,Drag,286,183
6582,NoButton,Drag,300,207
6582,NoButton,Drag,306,233
6582,NoButton,Drag,310,265
6582,NoButton,Drag,310,295
6686,NoButton,Drag,304,325
6686,NoButton,Drag,296,347
6687,NoButton,Drag,292,361
6687,NoButton,Drag,288,367
6687,NoButton,Drag,284,369
6688,NoButton,Drag,280,370
6688,NoButton,Drag,276,369
6688,NoButton,Drag,269,365
6688,NoButton,Drag,260,358
6689,NoButton,Drag,249,350
6689,NoButton,Drag,237,341
6689,NoButton,Drag,223,330
6689,NoButton,Drag,210,320
6690,NoButton,Drag,197,306
6703,NoButton,Drag,190,290
6703,NoButton,Drag,188,275
6790,NoButton,Drag,189,259
6790,NoButton,Drag,198,243
6790,NoButton,Drag,213,228
6791,NoButton,Drag,231,214
6791,NoButton,Drag,253,198
6791,NoButton,Drag,283,184
6791,NoButton,Drag,315,170
6792,NoButton,Drag,351,154
6792,NoButton,Drag,385,142
6792,NoButton,Drag,421,136
6792,NoButton,Drag,451,134
6868,NoButton,Drag,473,136
6868,NoButton,Drag,491,142
6869,NoButton,Drag,501,154
6869,NoButton,Drag,504,166
6870,NoButton,Drag,503,177
6870,NoButton,Drag,495,188
6870,NoButton,Drag,482,201
6870,NoButton,Drag,464,214
6870,NoButton,Drag,442,227
6871,NoButton,Drag,418,239
6911,NoButton,Drag,396,243
6911,NoButton,Drag,370,243
6911,NoButton,Drag,336,231
6911,NoButton,Drag,300,219
6911,NoButton,Drag,266,213
7001,NoButton,Drag,238,209
7002,NoButton,Drag,218,207
7002,NoButton,Drag,208,205
7002,NoButton,Drag,208,204
7002,NoButton,Drag,209,204
7002,NoButton,Drag,215,201
7003,NoButton,Drag,229,199
7003,NoButton,Drag,259,196
7003,NoButton,Drag,303,188
7003,NoButton,Drag,353,184
7003,NoButton,Drag,411,180
7004,NoButton,Drag,469,180
7187,NoButton,Drag,537,188
7187,NoButton,Drag,597,198
7187,NoButton,Drag,659,212
7187,NoButton,Drag,713,228
7187,NoButton,Drag,759,242
7187,NoButton,Drag,807,256
7188,NoButton,Drag,849,268
7188,NoButton,Drag,883,284
7188,NoButton,Drag,905,300
7188,NoButton,Drag,917,312
7188,NoButton,Drag,927,324
7188,NoButton,Drag,927,331
7188,NoButton,Drag,927,335
7189,NoButton,Drag,924,340
7189,NoButton,Drag,916,347
7189,NoButton,Drag,906,355
7189,NoButton,Drag,897,358
7189,NoButton,Drag,886,361
7189,NoButton,Drag,875,363
7189,NoButton,Drag,866,363
7189,NoButton,Drag,857,361
7190,NoButton,Drag,848,357
7190,NoButton,Drag,844,354
7190,NoButton,Drag,843,351
7287,NoButton,Drag,843,350
7287,NoButton,Drag,845,348
7287,NoButton,Drag,850,345
7288,NoButton,Drag,859,338
7288,NoButton,Drag,872,329
7288,NoButton,Drag,893,318
7288,NoButton,Drag,917,305
7288,NoButton,Drag,944,293
7289,NoButton,Drag,976,287
7289,NoButton,Drag,1010,281
7289,NoButton,Drag,1042,277
7289,NoButton,Drag,1074,271
7289,NoButton,Drag,1104,267
7745,NoButton,Drag,1136,263
7746,NoButton,Drag,1164,259
7746,NoButton,Drag,1186,255
7747,NoButton,Drag,1202,251
7747,NoButton,Drag,1214,247
7747,NoButton,Drag,1220,245
7748,NoButton,Drag,1222,245
7748,NoButton,Drag,1222,243
7748,NoButton,Drag,1222,244
7748,NoButton,Drag,1222,283
7749,NoButton,Drag,1216,341
7749,NoButton,Drag,1212,375
7749,NoButton,Drag,1212,409
7749,NoButton,Drag,1210,443
7750,NoButton,Drag,1208,477
7750,NoButton,Drag,1204,509
7750,NoButton,Drag,1196,543
7750,NoButton,Drag,1186,577
7750,NoButton,Drag,1174,617
7751,NoButton,Drag,1144,673
7751,NoButton,Drag,1120,709
7751,NoButton,Drag,1092,737
7751,NoButton,Drag,1060,763
7751,NoButton,Drag,1030,783
7752,NoButton,Drag,1006,797
7752,NoButton,Drag,990,807
7752,NoButton,Drag,980,811
7752,NoButton,Drag,978,811
7888,NoButton,Drag,978,809
7889,NoButton,Drag,978,809
7889,NoButton,Drag,978,808
7889,NoButton,Drag,980,805
7890,NoButton,Drag,984,798
7890,NoButton,Drag,989,792
7890,NoButton,Drag,995,784
7890,NoButton,Drag,1005,771
7891,NoButton,Drag,1022,749
7917,NoButton,Drag,1045,720
7917,NoButton,Drag,1079,677
7917,NoButton,Drag,1129,609
8390,NoButton,Drag,1151,577
8390,NoButton,Drag,1173,549
8390,NoButton,Drag,1187,519
8391,NoButton,Drag,1199,493
8391,NoButton,Drag,1205,471
8391,NoButton,Drag,1207,443
8391,NoButton,Drag,1203,427
8392,NoButton,Drag,1187,407
8392,NoButton,Drag,1171,397
8392,NoButton,Drag,1156,389
8392,NoButton,Drag,1142,384
8393,NoButton,Drag,1127,380
8393,NoButton,Drag,1113,376
8393,NoButton,Drag,1103,373
8393,NoButton,Drag,1093,368
8393,NoButton,Drag,1089,365
8394,NoButton,Drag,1086,362
8394,NoButton,Drag,1085,360
8394,NoButton,Drag,1085,359
9045,Left,Pressed,1085,359
9091,NoButton,Drag,1085,360
9091,NoButton,Drag,1085,360
9218,Left,Released,1085,360
10530,NoButton,Drag,1082,363
10530,NoButton,Drag,1074,379
10531,NoButton,Drag,1058,405
10531,NoButton,Drag,1042,435
10532,NoButton,Drag,1016,475
10532,NoButton,Drag,984,515
10532,NoButton,Drag,954,549
10532,NoButton,Drag,930,585
10532,NoButton,Drag,902,621
10532,NoButton,Drag,872,651
10533,NoButton,Drag,842,683
10533,NoButton,Drag,810,715
10533,NoButton,Drag,774,741
10533,NoButton,Drag,742,761
10534,NoButton,Drag,716,779
10534,NoButton,Drag,698,795
10534,NoButton,Drag,690,807
10534,NoButton,Drag,688,817
10534,NoButton,Drag,688,821
10668,NoButton,Drag,688,820
10668,NoButton,Drag,689,820
10668,NoButton,Drag,691,822
10785,NoButton,Drag,695,824
10785,NoButton,Drag,699,830
10785,NoButton,Drag,701,836
10786,NoButton,Drag,705,843
10786,NoButton,Drag,709,852
10786,NoButton,Drag,714,862
10787,NoButton,Drag,718,874
10787,NoButton,Drag,721,885
10787,NoButton,Drag,724,897
10787,NoButton,Drag,727,909
10787,NoButton,Drag,730,921
10788,NoButton,Drag,733,933
10788,NoButton,Drag,733,942
10788,NoButton,Drag,733,952
10788,NoButton,Drag,735,962
10792,NoButton,Drag,735,971
10836,NoButton,Drag,733,981
10836,NoButton,Drag,730,990
10838,NoButton,Drag,727,999
10838,NoButton,Drag,724,1007
10838,NoButton,Drag,719,1016
10838,NoButton,Drag,715,1025
10843,NoButton,Drag,710,1033
10851,NoButton,Drag,706,1038
10860,NoButton,Drag,703,1044
10867,NoButton,Drag,699,1048
10875,NoButton,Drag,696,1051
10883,NoButton,Drag,695,1053
10890,NoButton,Drag,693,1056
10897,NoButton,Drag,693,1057
10905,NoButton,Drag,691,1058
10913,NoButton,Drag,691,1060
10921,NoButton,Drag,691,1062
10929,NoButton,Drag,691,1064
10937,NoButton,Drag,691,1066
10945,NoButton,Drag,691,1067
10953,NoButton,Drag,691,1069
10961,NoButton,Drag,691,1071
10974,NoButton,Drag,691,1072
10979,NoButton,Drag,692,1072
10987,NoButton,Drag,693,1073
10995,NoButton,Drag,694,1074
11003,NoButton,Drag,695,1074
11011,NoButton,Drag,696,1075
11019,NoButton,Drag,697,1075
11031,NoButton,Drag,698,1076
11039,NoButton,Drag,699,1077
11047,NoButton,Drag,700,1077
11053,NoButton,Drag,702,1078
11061,NoButton,Drag,704,1078
11069,NoButton,Drag,705,1078
11077,NoButton,Drag,707,1078
11085,NoButton,Drag,709,1076
11093,NoButton,Drag,711,1074
11101,NoButton,Drag,713,1072
11109,NoButton,Drag,715,1070
11117,NoButton,Drag,717,1068
11126,NoButton,Drag,718,1067
11131,NoButton,Drag,720,1065
11141,NoButton,Drag,721,1063
11147,NoButton,Drag,722,1061
11155,NoButton,Drag,723,1060
11163,NoButton,Drag,724,1060
11204,Left,Pressed,724,1060
11296,Left,Released,724,1060
11339,NoButton,Drag,725,1059
11347,NoButton,Drag,736,1043
11357,NoButton,Drag,750,1017
11369,NoButton,Drag,778,985
11369,NoButton,Drag,806,943
11379,NoButton,Drag,836,899
11389,NoButton,Drag,868,853
11395,NoButton,Drag,894,803
11405,NoButton,Drag,916,751
11409,NoButton,Drag,932,707
11419,NoButton,Drag,946,667
11428,NoButton,Drag,952,635
11440,NoButton,Drag,950,617
11656,NoButton,Drag,948,615
11673,NoButton,Drag,948,614
11690,NoButton,Drag,943,609
11691,NoButton,Drag,939,603
11706,NoButton,Drag,937,596
11707,NoButton,Drag,935,590
11723,NoButton,Drag,933,584
11723,NoButton,Drag,933,577
11740,NoButton,Drag,931,571
11741,NoButton,Drag,931,567
11741,NoButton,Drag,931,561
11756,NoButton,Drag,931,558
11774,NoButton,Drag,929,556
11774,NoButton,Drag,928,554
11774,NoButton,Drag,927,553
11791,NoButton,Drag,926,552
11791,NoButton,Drag,925,551
11806,NoButton,Drag,924,550
11807,NoButton,Drag,922,549
11823,NoButton,Drag,920,548
11824,NoButton,Drag,918,546
11839,NoButton,Drag,916,544
11839,NoButton,Drag,914,542
11856,NoButton,Drag,912,540
11857,NoButton,Drag,909,538
11873,NoButton,Drag,905,536
11873,NoButton,Drag,902,534
11890,NoButton,Drag,900,533
11891,NoButton,Drag,899,533
11907,NoButton,Drag,898,532
11907,NoButton,Drag,896,531
11996,NoButton,Drag,895,530
12373,NoButton,Drag,895,529
12481,NoButton,Drag,894,529
12697,NoButton,Drag,894,528
12697,NoButton,Drag,894,528
13285,NoButton,Drag,894,528
13285,NoButton,Drag,901,535
13285,NoButton,Drag,915,546
13286,NoButton,Drag,934,557
13286,NoButton,Drag,958,567
13286,NoButton,Drag,990,575
13286,NoButton,Drag,1032,587
13286,NoButton,Drag,1082,603
13293,NoButton,Drag,1130,617
13301,NoButton,Drag,1178,629
13311,NoButton,Drag,1216,639
13317,NoButton,Drag,1244,649
13325,NoButton,Drag,1268,661
13333,NoButton,Drag,1284,673
13341,NoButton,Drag,1296,679
13347,NoButton,Drag,1300,681
13531,NoButton,Drag,1301,678
13539,NoButton,Drag,1302,673
13547,NoButton,Drag,1304,667
13555,NoButton,Drag,1307,662
13563,NoButton,Drag,1308,656
13571,NoButton,Drag,1308,651
13579,NoButton,Drag,1309,646
13585,NoButton,Drag,1309,641
13593,NoButton,Drag,1310,636
13601,NoButton,Drag,1310,630
13609,NoButton,Drag,1310,626
13617,NoButton,Drag,1309,621
13625,NoButton,Drag,1308,619
13633,NoButton,Drag,1307,616
13641,NoButton,Drag,1307,615
13649,NoButton,Drag,1307,614
13891,Left,Pressed,1307,614
13929,NoButton,Drag,1306,613
13937,NoButton,Drag,1300,611
13945,NoButton,Drag,1290,607
13953,NoButton,Drag,1271,600
13961,NoButton,Drag,1239,592
13969,NoButton,Drag,1203,582
13977,NoButton,Drag,1167,572
13991,NoButton,Drag,1135,570
13992,NoButton,Drag,1107,566
13999,NoButton,Drag,1073,558
14007,NoButton,Drag,1039,546
14015,NoButton,Drag,1005,534
14023,NoButton,Drag,971,524
14034,NoButton,Drag,943,514
14040,NoButton,Drag,919,504
14048,NoButton,Drag,903,498
14055,NoButton,Drag,889,492
14063,NoButton,Drag,879,488
14071,NoButton,Drag,873,484
14078,NoButton,Drag,869,482
14085,NoButton,Drag,868,480
14499,NoButton,Drag,858,481
14507,NoButton,Drag,828,490
14515,NoButton,Drag,788,496
14523,NoButton,Drag,740,496
14531,NoButton,Drag,694,498
14539,NoButton,Drag,642,498
14547,NoButton,Drag,588,496
14553,NoButton,Drag,532,496
14561,NoButton,Drag,478,496
14569,NoButton,Drag,430,494
14577,NoButton,Drag,386,490
14585,NoButton,Drag,348,488
14593,NoButton,Drag,314,486
14601,NoButton,Drag,286,486
14609,NoButton,Drag,268,486
14617,NoButton,Drag,256,486
14625,NoButton,Drag,252,486
14631,NoButton,Drag,250,486
14729,NoButton,Drag,251,485
14741,NoButton,Drag,252,485
14749,NoButton,Drag,257,483
14757,NoButton,Drag,262,481
14765,NoButton,Drag,268,479
14773,NoButton,Drag,275,477
14781,NoButton,Drag,282,476
14787,NoButton,Drag,291,474
14795,NoButton,Drag,300,472
14803,NoButton,Drag,310,472
14811,NoButton,Drag,321,470
14819,NoButton,Drag,332,468
14827,NoButton,Drag,344,465
14835,NoButton,Drag,357,462
14843,NoButton,Drag,368,460
14851,NoButton,Drag,380,459
14859,NoButton,Drag,395,457
14865,NoButton,Drag,415,456
14873,NoButton,Drag,432,452
14881,NoButton,Drag,451,451
14889,NoButton,Drag,467,447
14897,NoButton,Drag,482,445
14905,NoButton,Drag,496,442
14913,NoButton,Drag,509,440
14921,NoButton,Drag,520,440
14929,NoButton,Drag,527,440
14937,NoButton,Drag,530,440
15019,NoButton,Drag,532,440
15398,NoButton,Drag,532,441
15421,NoButton,Drag,532,441
15439,NoButton,Drag,532,441
15448,NoButton,Drag,532,444
15457,NoButton,Drag,532,449
15463,NoButton,Drag,533,455
15471,NoButton,Drag,533,459
15479,NoButton,Drag,534,462
15487,NoButton,Drag,535,464
15495,NoButton,Drag,536,466
15503,NoButton,Drag,536,468
15509,NoButton,Drag,536,470
15517,NoButton,Drag,537,470
15765,Left,Released,537,470
15821,NoButton,Drag,538,471
15829,NoButton,Drag,538,473
15837,NoButton,Drag,542,477
15847,NoButton,Drag,547,483
15854,NoButton,Drag,556,491
15861,NoButton,Drag,569,503
15869,NoButton,Drag,589,517
15877,NoButton,Drag,608,530
15885,NoButton,Drag,627,544
15893,NoButton,Drag,648,556
15901,NoButton,Drag,672,567
15907,NoButton,Drag,704,575
15915,NoButton,Drag,736,581
15923,NoButton,Drag,772,591
15931,NoButton,Drag,808,599
15939,NoButton,Drag,848,605
15947,NoButton,Drag,890,609
15956,NoButton,Drag,932,615
16043,NoButton,Drag,972,619
16043,NoButton,Drag,1012,619
16043,NoButton,Drag,1048,619
16043,NoButton,Drag,1084,619
16044,NoButton,Drag,1116,619
16044,NoButton,Drag,1146,617
16044,NoButton,Drag,1168,615
16044,NoButton,Drag,1184,613
16044,NoButton,Drag,1196,613
16045,NoButton,Drag,1198,615
16317,NoButton,Drag,1199,617
16325,NoButton,Drag,1206,623
16333,NoButton,Drag,1212,627
16341,NoButton,Drag,1217,633
16349,NoButton,Drag,1223,639
16357,NoButton,Drag,1227,646
16365,NoButton,Drag,1231,653
16373,NoButton,Drag,1235,659
16385,NoButton,Drag,1237,664
16395,NoButton,Drag,1241,673
16403,NoButton,Drag,1243,677
16411,NoButton,Drag,1243,679
16420,NoButton,Drag,1244,686
16427,NoButton,Drag,1245,694
16435,NoButton,Drag,1245,701
16443,NoButton,Drag,1245,709
16451,NoButton,Drag,1245,716
16457,NoButton,Drag,1245,720
16465,NoButton,Drag,1245,722
16473,NoButton,Drag,1245,725
16481,NoButton,Drag,1245,727
16617,NoButton,Drag,1245,729
16625,NoButton,Drag,1246,733
16633,NoButton,Drag,1247,736
16641,NoButton,Drag,1247,739
16649,NoButton,Drag,1248,741
16657,NoButton,Drag,1248,743
16665,NoButton,Drag,1249,745
16673,NoButton,Drag,1250,747
16681,NoButton,Drag,1251,749
16687,NoButton,Drag,1252,751
16695,NoButton,Drag,1252,752
16723,NoButton,Drag,1253,752
16731,NoButton,Drag,1254,753
16739,NoButton,Drag,1255,755
16747,NoButton,Drag,1256,755
16755,NoButton,Drag,1257,757
16763,NoButton,Drag,1258,759
16769,NoButton,Drag,1259,761
16777,NoButton,Drag,1259,762
16789,NoButton,Drag,1259,763
16911,Left,Pressed,1259,763
16919,NoButton,Drag,1259,764
16927,NoButton,Drag,1260,764
17009,NoButton,Drag,1263,764
17009,Left,Released,1263,764
17115,NoButton,Drag,1271,765
17116,NoButton,Drag,1280,767
17116,NoButton,Drag,1296,769
17116,NoButton,Drag,1324,773
17116,NoButton,Drag,1358,773
17116,NoButton,Drag,1396,773
17116,NoButton,Drag,1434,773
17116,NoButton,Drag,1470,775
17116,NoButton,Drag,1504,779
17116,NoButton,Drag,1533,782
17116,NoButton,Drag,1549,786
17116,NoButton,Drag,1563,789
17116,NoButton,Drag,1573,793
17117,NoButton,Drag,1574,793
17150,NoButton,Drag,1573,792
17162,NoButton,Drag,1571,790
17163,NoButton,Drag,1569,788
17180,NoButton,Drag,1567,786
17182,NoButton,Drag,1566,784
17190,NoButton,Drag,1564,782
17196,NoButton,Drag,1562,779
17203,NoButton,Drag,1560,776
17211,NoButton,Drag,1558,773
17219,NoButton,Drag,1556,771
17227,NoButton,Drag,1554,769
17235,NoButton,Drag,1552,767
17243,NoButton,Drag,1550,765
17249,NoButton,Drag,1548,763
17257,NoButton,Drag,1547,762
17265,NoButton,Drag,1545,761
17273,NoButton,Drag,1543,760
17281,NoButton,Drag,1541,759
17289,NoButton,Drag,1539,758
17297,NoButton,Drag,1537,758
17309,NoButton,Drag,1535,758
17317,NoButton,Drag,1534,758
17323,NoButton,Drag,1533,757
17331,NoButton,Drag,1531,757
17339,NoButton,Drag,1529,757
17347,NoButton,Drag,1528,757
17355,NoButton,Drag,1526,756
17363,NoButton,Drag,1524,755
17371,NoButton,Drag,1522,755
17380,NoButton,Drag,1521,755
17388,NoButton,Drag,1520,754
17393,NoButton,Drag,1519,754
17414,NoButton,Drag,1518,753
17421,NoButton,Drag,1516,752
17430,NoButton,Drag,1514,750
17437,NoButton,Drag,1512,749
17448,NoButton,Drag,1510,747
17453,NoButton,Drag,1508,745
17461,NoButton,Drag,1505,743
17469,NoButton,Drag,1501,739
17475,NoButton,Drag,1496,734
17487,NoButton,Drag,1489,728
17498,NoButton,Drag,1468,708
17503,NoButton,Drag,1450,693
17514,NoButton,Drag,1438,680
17519,NoButton,Drag,1428,669
17527,NoButton,Drag,1418,656
17547,NoButton,Drag,1409,647
17553,NoButton,Drag,1397,626
17564,NoButton,Drag,1397,622
17569,NoButton,Drag,1397,620
17577,NoButton,Drag,1397,618
17585,NoButton,Drag,1398,616
17593,NoButton,Drag,1398,615
17601,NoButton,Drag,1399,613
17609,NoButton,Drag,1399,612
17617,NoButton,Drag,1399,611
17659,NoButton,Drag,1400,611
17667,NoButton,Drag,1395,610
17675,NoButton,Drag,1385,609
17683,NoButton,Drag,1365,607
17691,NoButton,Drag,1340,603
17699,NoButton,Drag,1312,599
17707,NoButton,Drag,1280,595
17713,NoButton,Drag,1248,593
17721,NoButton,Drag,1222,589
17729,NoButton,Drag,1200,585
17737,NoButton,Drag,1182,581
17745,NoButton,Drag,1166,579
17753,NoButton,Drag,1152,577
17761,NoButton,Drag,1142,573
17769,NoButton,Drag,1136,573
17777,NoButton,Drag,1134,571
17823,NoButton,Drag,1135,571
17835,NoButton,Drag,1137,571
17843,NoButton,Drag,1139,570
17851,NoButton,Drag,1140,569
17859,NoButton,Drag,1141,568
17877,NoButton,Drag,1142,567
17885,NoButton,Drag,1142,566
17893,NoButton,Drag,1142,565
17901,NoButton,Drag,1143,564
17909,NoButton,Drag,1143,563
17943,NoButton,Drag,1142,563
17951,NoButton,Drag,1140,563
17959,NoButton,Drag,1136,563
17967,NoButton,Drag,1130,563
17975,NoButton,Drag,1121,560
17983,NoButton,Drag,1111,559
17991,NoButton,Drag,1098,558
17999,NoButton,Drag,1086,558
18007,NoButton,Drag,1070,558
18015,NoButton,Drag,1053,558
18023,NoButton,Drag,1035,556
18029,NoButton,Drag,1017,556
18037,NoButton,Drag,998,554
18045,NoButton,Drag,982,553
18053,NoButton,Drag,965,553
18062,NoButton,Drag,951,554
18069,NoButton,Drag,937,556
18077,NoButton,Drag,926,558
18086,NoButton,Drag,915,558
18094,NoButton,Drag,910,558
18102,NoButton,Drag,903,558
18107,NoButton,Drag,899,558
18116,NoButton,Drag,896,558
18132,NoButton,Drag,894,558
18172,NoButton,Drag,893,559
18177,NoButton,Drag,889,560
18186,NoButton,Drag,885,562
18194,NoButton,Drag,879,562
18201,NoButton,Drag,874,562
18209,NoButton,Drag,870,562
18217,NoButton,Drag,865,562
18225,NoButton,Drag,862,561
18233,NoButton,Drag,860,561
18241,NoButton,Drag,858,561
18249,NoButton,Drag,856,561
18257,NoButton,Drag,855,560
18263,NoButton,Drag,854,560
18443,NoButton,Drag,852,560
18451,NoButton,Drag,849,560
18459,NoButton,Drag,846,560
18467,NoButton,Drag,841,560
18475,NoButton,Drag,837,560
18483,NoButton,Drag,831,560
18491,NoButton,Drag,826,560
18497,NoButton,Drag,821,559
18505,NoButton,Drag,817,558
18513,NoButton,Drag,814,558
18521,NoButton,Drag,811,557
18529,NoButton,Drag,809,557
18537,NoButton,Drag,807,557
18545,NoButton,Drag,806,557
18553,NoButton,Drag,805,557
18561,NoButton,Drag,804,557
18817,NoButton,Drag,803,557
18826,NoButton,Drag,798,557
18833,NoButton,Drag,792,557
18842,NoButton,Drag,784,556
18849,NoButton,Drag,777,556
18858,NoButton,Drag,769,556
18866,NoButton,Drag,761,556
18873,NoButton,Drag,753,556
18881,NoButton,Drag,744,555
18890,NoButton,Drag,736,554
18895,NoButton,Drag,726,552
18903,NoButton,Drag,717,552
18911,NoButton,Drag,711,551
18919,NoButton,Drag,707,550
18927,NoButton,Drag,705,549
18935,NoButton,Drag,704,549
19141,Left,Pressed,704,549
19220,Left,Released,704,549
